Number,Organization Name,Email,Phone Number,Fax Number
1,#BlackTeachersMatter,btm.pr.ksu@gmail.com
2,925 Athletic Ministries,sterlingb@kennesaw.edu,(770) 652-9416  xNA
3,Across The Board,acrosstheboardksu@gmail.com
4,Active Minds of Kennesaw State,activeminds.ksu@gmail.com
5,Adult and Commuter Student Affairs,nsimmon6@kennesaw.edu,(470) 578-6701,(470) 578-9162
6,Adventist Christian Fellowship at KSU,ACFKSU@gmail.com,(470) 578-6000  x4366,(470) 578-9233
7,Advocacy Boldness Leadership Empowerment,sds@kennesaw.edu,(470) 578-2666,(470) 578-9111
8,Aerial Robotics Competition Team
9,African American Student Alliance,jpruiett@students.kennesaw.edu,(470) 578-6712
10,African Students Association,ksuasa2@gmail.com,(678) 808-9806
11,Afro-Latino Student Association,ALSAKSU1@gmail.com
12,All Access Speaker Series,jhuntin3@kennesaw.edu
13,Alpha Epsilon Pi
14,"Alpha Kappa Alpha Sorority, Inc. - Pi Phi",piphipres@gmail.com
15,Alpha Kappa Delta Honors Society,jbrow512@students.kennesaw.edu,(470) 578-6739,(470) 578-9148
16,Alpha Omega,rozbun@students.kennesaw.edu,(678) 572-0984
17,Alpha Omicron Pi Sorority - Beta Zeta,betazetachapterpresident@gmail.com,678-857-9321
18,"Alpha Phi Alpha Fraternity, Inc. - Tau Zeta",darrick.baker@icloud.com
19,Alpha Phi Sigma Criminal Justice Honor Society,bcrank@kennesaw.edu,(470) 578-4511,(470) 578-9148
20,Alpha Rho Chi - Polyidus Chapter,polyidusalpharhochi@gmail.com
21,Alpha Xi Delta,kennesawaxidpres@gmail.com
22,Amateur Radio Club
23,American Association of University Women Kennesaw Branch,ssaylor1@students.kennesaw.edu
24,American Choral Directors Association,cvehar@students.kennesaw.edu,678-877-2466
25,American Concrete Institute: Student Chapter
26,American Institute of Aeronautics and Astronautics,aiaakennesaw@gmail.com,(404) 388-3449
27,American Institute of Architecture Students,aias.kennesaw@gmail.com
28,American Medical Student Association,amsaatksu@gmail.com
29,American Medical Women's Association,amwapresident1915@gmail.com
30,American Sign Language Club,dcaleb@students.kennesaw.edu,678-702-9547
31,American Society for Biochemistry and Molecular Biology,(240) 283-6600,(301) 881-2080
32,American Society for Mechanical Engineers
33,American Society of Civil Engineers,ascekennesawstate@gmail.com
34,American String Teachers Association of KSU,asta@astaweb.com,(703) 279-2113,(703) 279-2114
35,American Studies Student Organization,scraven7@kennesaw.edu,(770) 856-5482
36,Animation Studio Society,animaitonstudiosociety@gmail.com
37,Anime Club,ksuanimec@gmail.com
38,ASCE Concrete Canoe Competition Team,KSUConcreteCanoeTeam@gmail.com
39,Associated General Contractors
40,Association for Computing Machinery at KSU,acm@kennesaw.edu,(470) 578-7774
41,Association for Information Systems
42,Association of Energy Engineers Student Chapter,aminor4@students.kennesaw.edu
43,Association of IT Professionals,dtatum7@kennesaw.edu,(470) 578-3797
44,Association of Latino Professionals for America,alpfa.ksu@gmail.com
45,Athletics,sportsmarketing@kennesaw.edu,4705786284
46,Audacity
47,Autonomous Ground Vehicle Team
48,Autonomous Underwater Vehicle Team,ksu.auv@gmail.com,(678) 698-5305
49,Baptist Collegiate Ministries,bcmoutreach@gmail.com,(770) 428-0986
50,BCOE
51,Beta Alpha Psi - Iota Tau Chapter,ksubap@gmail.com
52,Bethel Campus Fellowship
53,Biology Student Organization at Kennesaw State University,bso.ksu@gmail.com
54,Bitcoin Club at KSU
55,Campus Curlz
56,Campus Outreach,daniel.chen@campusoutreach.org,(404) 421-3525
57,Campus Services
58,CARE Services,careservices.kennesaw.edu,(470) 578-6600,(470) 578-9102
59,Caribbean Student Association,Kcaribsa@gmail.com
60,Carmichael Student Center
61,Catholic Student Union,dbona@ccksu.org,(770) 423-9909
62,Center for Information Security Education,infosec@kennesaw.edu,(470) 578-6000
63,Center for Professional Selling,mfunder2@kennesaw.edu,(470) 578-6969
64,Center for Young Adult Addiction and Recovery,recovery@kennesaw.edu,(470) 578-2538,(470) 578-9203
65,Chabad Jewish Student Union,chabad@chabadksu.org,678-460-7702
66,Chinese Language and Culture Club,emaldon4@students.kennesaw.edu
67,Christian Students at Kennesaw State,christianstudentsksu@gmail.com,470-210-8387
68,Coles College of Business,ColesEvents@kennesaw.edu
69,College Girls Rock KSU,jasminecrockett.cgr.ksu@gmail.com
70,College Libertarians of KSU,college.libertarians.ksu@gmail.com,(404) 644-4986
71,College Life,hhblasingame@gmail.com,(803) 215-7855
72,College of Computing and Software Engineering
73,College of Computing Research Team,rroepke@students.kennesaw.edu
74,College of Humanities and Social Sciences Undergraduate Advising Center,chssadvising@kennesaw.edu,(470) 578-7728
75,College of Science and Mathematics,scimathdean@kennesaw.edu,(470) 578-6160
76,College of the Arts
77,College Republicans,kennesawcrs@gmail.com
78,Commission KSU,megan.mcclary@wearecommission.org,(404) 620-8827,(404) 620-8827
79,Competitive Engineering Council
80,Constitution Week,rkeesee@kennesaw.edu
81,Counseling and Psychological Services,cps.outreach@kennesaw.edu,(470) 578-6600,(470) 578-9102
82,Cru,kris.hodges@cru.org,(404) 694-8891
83,Cultural and Community Centers,ccc@kennesaw.edu,(470) 578-3444
84,Cultural Awareness Resource Center
85,"Dance Company, KSU",nkoontz1@students.kennesaw.edu,(404) 901-9133
86,Day of Service,kimberly.henghold@kennesaw.edu,(470) 578-3068
87,Dean of Students,deanofstudents@kennesaw.edu,470-578-6310,470-578-9113
88,Delight Ministries,delightkennesawstateuniversity@gmail.com
89,Delta Chi Fraternity,deltachiksupresident@gmail.com,770-871-5099
90,Delta Phi Epsilon Sorority - Alpha Epsilon,dphieksupresident@gmail.com,770-605-5389
91,Delta Sigma Phi,President.KSUDeltasig@gmail.com,(770) 653-0001
92,Delta Sigma Pi - Nu Pi Chapter,nupidsppresident@gmail.com
93,"Delta Sigma Theta Sorority, Inc. - Sigma Epsilon",sepresident95@gmail.com
94,Delta Tau Delta Fraternity - Iota Theta,ksudtdpresident@gmail.com
95,Department of Career Planning and Development,lgiardin@kennesaw.edu,(470) 578-6555
96,Department of Fraternity & Sorority Life,greeklife@kennesaw.edu,470-578-2838
97,Department of Information Systems,ischair@kennesaw.edu,4705787763
98,Department of Residence Life,housing@kennesaw.edu,(470) 578-5483
99,Department of Student Leadership and Service,csl@kennesaw.edu,(470) 578-6329,(470) 578-9157
100,Division of Global Affairs,pharbin3@kennesaw.edu,470-578-2668,470-578-9181
101,Division of Student Affairs,barthur@kennesaw.edu
102,Drawing and Painting Club,iherrera@students.kennesaw.edu
103,ECHO,jwoelk@northmetro.org,(678) 290-7830  x143
104,EcoOwls: Students for Environmental Sustainability,ecoowlsksu@gmail.com,(470) 578-3921
105,EDge,ksuedge@gmail.com
106,Electric Vehicle Team,ksuevt@gmail.com
107,Ellipses,raedurr0@gmail.com,470-578-6000
108,Enactus,470-578-6078  x6078
109,Episcopal Campus Ministry,canterburyksu@gmail.com
110,Ethiopian-Eritrean Student Union,EESU.KSU@gmail.com
111,European Council of Georgia,hmattord@kennesaw.edu,(470) 578-7763,(470) 578-7763
112,Every Nation Campus,jarrod.huntley@highpointatlanta.com,678-267-6254
113,Exercise Science Major's Club,exercisesciencemajorsclub@gmail.com
114,Faith On Campus,faithoncampusksu@gmail.com,(770) 516-1996
115,Feminist Majority Leadership Alliance at Kennesaw State University,feministsatksu@gmail.com
116,Filipino Student Association,gdejesu2@students.kennesaw.edu,(678) 267-6779
117,FIRST Robotics Mentoring Team
118,First-Gen Owls,Team-FGO@teams.kennesaw.edu
119,First-Year and Undeclared Advising,nest@kennesaw.edu,4705782860
120,Flourish,flourishksu@gmail.com
121,Forensic Science Club,ksufsc@gmail.com
122,French Club,ksufrenchclub1@gmail.com
123,Game Design and Development Club,ksugddc@gmail.com
124,Gamma Phi Beta Sorority - Zeta Omega,ksugpbpresident@gmail.com,(470) 578-2838,(470) 578-9166
125,Geography Club
126,Georgia Society of Professional Engineers,sshelt22@students.kennesaw.edu,404-436-9428
127,German Club
128,Global Learning Scholarship
129,Global Medical Brigades,kennesaw.gmb@gmail.com
130,Global Village,globalvillage@kennesaw.edu,(470) 578-4392
131,Golden Key International Honour Society,kennesawstategoldenkey@gmail.com
132,Gospel Choir,Oral.Moses@att.net,(404) 202-7277
133,Graduate Student Association,KSUGSA@gmail.com
134,"Graphic Design, Kennesaw",khwang@kennesaw.edu,(470) 578-6035,(470) 578-3345
135,Greek Programming Board,gpb.pres@gmail.com
136,HAW Kick-off Event
137,Health Promotion and Wellness,wellctr@kennesaw.edu,(470) 578-6394,(470) 578-9197
138,Her Power KSU,herpower.president@gmail.com
139,Hillel,Lara@hillelsofgeorgia.org,(704) 996-4230
140,Hip-Hop & Street Jazz Dance Club of KSU,hiphopstreetjazzclub@gmail.com
141,Homebrew Computer Club
142,Homecoming,(470) 578-6280
143,Honors Club
144,Honors College - Marietta Campus
145,HPE Major's Club,Jelder12@students.kennesaw.edu
146,Hughes Leadership and Career Program
147,Human Service Club,jfortne8@students.kennesaw.edu,(678) 629-4842
148,Humane Student Association,kennesawstatehsa@gmail.com,(675) 523-4721
149,HYPE KSU
150,ICMA Student Chapter at Kennesaw State University,icma.ksu@gmail.com
151,IEEE Computer Society,ieee-cs@kennesaw.edu,(470) 578-7774
152,Institute for Cybersecurity Workforce Development
153,Institute of Electrical and Electronics Engineers
154,Institute of Industrial Engineers,iise.kennesaw@gmail.com
155,Institute of Transportation Engineers
156,Interfraternity Council,ksuifcpresident@gmail.com
157,International Business Student Association,bcoope36@students.kennesaw.edu,(912) 688-4132
158,International Conflict Management PhD Club,zhaque@kennesaw.edu
159,International Facility Management Association
160,International Student Association,kennesawisa@kennesaw.edu,(470) 578-2203  x2203
161,Italian Club at Kennesaw State University,kpresle3@students.kennesaw.edu
162,Jack Haley Speech and Debate Team,SpeechandDebateKSU@gmail.com
163,Japanese Culture Club,knegrell@kennesaw.edu
164,Kappa Alpha Order
165,"Kappa Alpha Psi Fraternity, Inc. - Omicron Iota",oi.nupes@gmail.com
166,Kappa Delta,KDKSUPresident@gmail.com
167,Kappa Delta Pi,kdpatksu@gmail.com,678-525-4896
168,Kappa Kappa Psi,kkpsinumu@gmail.com,(770) 316-8504
169,Kappa Sigma Fraternity - Omicron Kappa,mattbarton247@gmail.com,423-503-1172
170,Kennesaw Activities Board,president@ksukab.org
171,Kennesaw Anthropomorphic Student Society,ksufurries@gmail.com
172,Kennesaw Hammock Society,rkarr1@students.kennesaw.edu
173,Kennesaw Improv Society Stupid!,jdavi231@kennesaw.edu,(479) 578-2475
174,Kennesaw Ladies in Physics
175,Kennesaw Nuclear Society,kmitc127@students.kennesaw.edu,(770) 870-0705
176,Kennesaw Pride Alliance,KPAPres@gmail.com
177,Kennesaw Society of Black Engineers,spsbe.president@gmail.com
178,Kennesaw State Motor Club,kennesawstatemotorclub@gmail.com,(404) 977-6279
179,Kennesaw State University Chess Club
180,Kennesaw State University Collegiate National Association for Music Education,703-860-4000
181,Kennesaw State University Sales Club,sinks@kennesaw.edu,470-578-6969,470-578-9020
182,Kennesaw Women in Mathematics,KWIM@kennesaw.edu,470-578-4969
183,Korean Language Club,ksukoreanlanguage@gmail.com,(678) 622-7458
184,Korean Student Association,ksakennesaw@gmail.com
185,KSU African American Male Initiative,ksuaami@kennesaw.edu,470-578-7723
186,KSU Breakdance Club,jihadclark97@gmail.com,(770) 686-4991
187,KSU Disney Club,ksudisneyclubvp@gmail.com
188,KSU Elevated Productions
189,KSU eSports Organization,ksulolknightowl@gmail.com
190,KSU Explores,mmitc183@kennesaw.edu,(470) 578-4497
191,KSU Live
192,KSU Miracle,ksumiracleexecutivedirector@gmail.com,(770) 508-8482
193,KSU Mock Mediation Team,hpincock@kennesaw.edu,(470) 578-7758,(470) 578-9152
194,KSU Motorsports | Formula SAE Team,ksumotorsport@gmail.com
195,KSU Odyssey Peer Mentor Student Association,nsimmon6@kennesaw.edu
196,KSU Student Media,office@ksusm.com,(470) 578-6470,(470) 578-9165
197,KSU Women of Color Success Initiative,ksuwocsi@kennesaw.edu,470-578-3546
198,KSU Writing Center,writingcenter@kennesaw.edu,7704236380,7704236524
199,Ladies of Distinction,lodksu@gmail.com,(404) 453-8752
200,"Lambda Theta Alpha Sorority, Inc. - Epsilon Alpha",lta.epsilonalpha@gmail.com
201,"Lambda Theta Phi Fraternity, Inc. - Gamma Rho",administration@ksulambdas.com,770-743-8905
202,Latter-Day Saint Student Association,ldssa@ksuclubs.com,678-453-8172
203,Leadership Impact For Everybody,amason2020@gmail.com
204,"Learning Technologies, Training & Audiovisual Outreach",studenthelpdesk@kennesaw.edu,(470) 578-6620
205,LGBTQ Resource Center,lgbtq@kennesaw.edu,(470) 578-7926
206,Liberty in North Korea Rescue Team,ksurescueteam@gmail.com
207,Marietta Activities Council,MariettaAC@Kennesaw.edu,(470) 578-3106  x3106
208,Marietta Adult and Commuter Student Programs
209,Mathematical Association of America,estachur@kennesaw.edu,(470) 578-4939,(470) 578-9812
210,Mechanical Contractors Association of America
211,MEDLIFE at Kennesaw State University,ehuenink@students.kennesaw.edu
212,"Michael A. Leven School of Management, Entrepreneurship and Hospitality"
213,Military and Veteran Services,veterans_resource@kennesaw.edu,(470) 578-2970,(470) 578-9213
214,Millennial Movement,millennialmovementksu@gmail.com
215,Mindful Yoga Club
216,Minorities in Medicine
217,Mock Trial,egordon@kennesaw.edu
218,Mountain Movers
219,Mudslingers,ksumudslinger@gmail.com,(404) 388-8679
220,Multicultural Greek Council,ksu.mgc@gmail.com
221,Multicultural Programming Board,ewells7@kennesaw.edu,470-578-6512,470-578-9164
222,Music Teachers National Association at Kennesaw State University,info.ksumtna@gmail.com,(770) 598-1372
223,Muslim Students Association,owlsmsa@gmail.com
224,NAACP at Kennesaw State University,kstatenaacp@gmail.com
225,National Art Education Association,rgarner@kennesaw.edu
226,National Association of Black Accountants,Naba.ksuchapter@gmail.com
227,National Association of Home Builders of KSU,Charner14@kennesaw.edu,678-915-3050
228,"National Council of Negro Women, INC",ncnw.ksu@gmail.com
229,National Council of Teachers of English - Student Affiliate
230,National Electrical Contractors Association of KSU,cblack82@students.kennesaw.edu,770-378-9595
231,National Honor Society for Dance Arts Chapter,ksu.nhsda@gmail.com
232,National Org of Minority Architecture Students,nomas.kennesaw@gmail.com,(678) 915-7253
233,National Pan-Hellenic Council,awardle@kennesaw.edu,(470) 578-2838
234,National Residence Hall Honorary,ksunrhh@kennesaw.edu
235,National Society of Collegiate Scholars,kennesawstatenscs@gmail.com,(470) 578-6725,(470) 978-9233
236,National Society of Leadership and Success,ksuowlsnsls@gmail.com,678-988-0166
237,Needle Crafts Club at KSU,nccatksu@gmail.com
238,Night Owl Productions,nightowlcrewcalls@kennesaw.edu,470-578-4849
239,Nonprofit Leadership Alliance Student Association,dausti14@students.kennesaw.edu
240,Northstar College Ministry,jordan.williams@northstar.com
241,Odyssey Peer Mentoring Program,nsimmon6@kennesaw.edu,(470) 578-6701,(470) 578-9162
242,Offensive Security Research Club,agreen57@kennesaw.edu,470-578-4352
243,Office of Community Engagement,ahughe59@kennesaw.edu,4705783068
244,Office of Diversity and Inclusion,ksudiverse@kennesaw.edu,470-578-2614
245,Office of Student Advocacy,ksuadvocacy@kennesaw.edu,(470) 578-3546
246,Office of Undergraduate Research
247,Office of Victim Services,ovs@kennesaw.edu,4705784257
248,Omega Phi Alpha National Service Sorority,ksu.ophia@gmail.com
249,"Omega Psi Phi Fraternity, Inc. - Alpha Delta Nu",adnu.ksu@gmail.com
250,Order of Omega,ksuooopres@gmail.com
251,Organization for Latin American Students,olasksu@gmail.com
252,Orientation and Transition Programs,ksuorientation@kennesaw.edu,7704236219  x6219
253,Orthodox Christian Campus Ministry,mina.h.hanna@gmail.com,770-910-3497
254,Orthodox Christian Fellowship at KSU,npogorel@students.kennesaw.edu,(404) 574-0612
255,Owl Creed Week,nphill10@kennesaw.edu,(470) 578-3546
256,Owl Radio,generalmanager@ksuradio.com,(470) 578-2005,(470) 578-9165
257,Owls Against Hunger,ksu.owlsagainsthunger@gmail.com
258,Panhellenic Council,ksupanhellenicpres@gmail.com
259,Passion City Church College,college@passioncitychurch.com,(404) 231-7081
260,Phi Alpha Honor Society,yceacal@students.kennesaw.edu,770-361-6720,770-499-3176
261,Phi Beta Sigma Fraternity Inc. - Alpha Beta Theta Chapter,abtheta.sigmas@gmail.com
262,Phi Eta Sigma Honor Society,phietasigma.ksuchapter@gmail.com
263,"Phi Iota Alpha Fraternity, Inc.- Beta Sigma",ksu@phiota.org
264,Phi Lambda Upsilon,habbott@kennesaw.edu,470-578-6140
265,Phi Mu Alpha Sinfonia,sinfonianutheta@gmail.com
266,Phi Mu Fraternity - Theta Epsilon,ksupmpres@gmail.com,478-230-3449
267,Phi Sigma Pi National Honor Fraternity,epsilonnu.psp@gmail.com
268,Philosophy Student Association,ksu.psa2017@gmail.com
269,Physical Therapy Club
270,Pi Kappa Phi Fraternity - Eta Delta,archonetadeltapikappaphi@gmail.com
271,Police Department - Office of Community Affairs
272,Political Science Club,ssteel22@students.kennesaw.edu
273,Pre-Dental Club,kennesawpredent@gmail.com,(470) 578-6158
274,Pre-Optometry Professional Society,ksupreoptometry@gmail.com,(470) 309-3130
275,Pre-Veterinary Medical Association,ksupvma@gmail.com
276,President's Emerging Global Scholars,pegs@kennesaw.edu,470-578-2364
277,President's Emerging Global Scholars Club
278,"Print Club, KSU",printclub.ksu@gmail.com,770-423-6719
279,Project Management Institute Student Chapter,jswaim2@kennesaw.edu,(678) 602-9366
280,Psi Chi,skabir2@students.kennesaw.edu
281,Psychology Club,ksupsychologyclub@gmail.com,(770) 423-6283
282,Public Relations Student Society of America,jpettig9@kennesaw.edu,470-578-2247
283,Ratio Christi,ratiochristiksu@gmail.com,678-373-8636
284,Reason to Smile at KSU
285,Reformed University Fellowship,wes.calton@ruf.org,864-590-1998
286,Relay for Life at Kennesaw State University,KSURelay4Life@gmail.com
287,Residence Hall Association,kennesawrha@gmail.com,770-794-7613
288,Rhetoric Society at Kennesaw State University
289,Robotics & Automation Society,kjol@students.kennesaw.edu,(470) 455-1428
290,Rotaract at Kennesaw State University,lgolianl@kennesaw.edu,(470) 578-6186,(470) 578-9122
291,ROTC Club,bpadge13@students.kennesaw.edu
292,RRPG Program for Hispanic and Latino Students,rrpglatinostudents@kennesaw.edu,(470) 578-7665
293,School of Accountancy,4705786088,4705789018
294,School of Music,470-578-6151
295,School of Music Student Advisory Council,ksusomsac@gmail.com,470-578-6151,470-578-9208
296,Sculpture Club,mpace7@students.kennesaw.edu,(503) 432-5010
297,Show Choir,vendettashowchoir@gmail.com
298,"Siegel Institute for Leadership, Ethics and Character"
299,Sigma Alpha Epsilon - Georgia Omega,georgiaomegasae@gmail.com,404-388-5246
300,Sigma Alpha Iota,saikennesaw@gmail.com
301,Sigma Alpha Omega,ksusao@gmail.com
302,"Sigma Gamma Rho Sorority, Inc. - Sigma Alpha",ksusgrho@gmail.com
303,Sigma Nu,iotapi.recorder@gmail.com,912-344-1107
304,Sigma Pi Fraternity- Epsilon-Alpha Chapter,epsilonalpha@sigmapi.org
305,Society for Collegiate Leadership & Achievement,cbarne86@students.kennesaw.edu
306,Society for Global Diplomacy,ksu.sgd@gmail.com
307,Society for Human Resource Management,mtracy2@students.kennesaw.edu,321-626-2084
308,Society of Hispanic Professional Engineers,shpekennesaw@gmail.com
309,Society of Manufacturing Engineers,smechapterksu@gmail.com
310,Society of Physics Students,societyofphysicsstudents.ksu@gmail.com
311,Society of Professional Journalists,darmst34@kennesaw.edu,(470) 578-7541,(470) 578-9153
312,Society of Social Workers,ksusosw@gmail.com,770-265-3939
313,Society of Women Engineers,swe.kennesaw@gmail.com
314,Solar Vehicle Team,KSUSolar@gmail.com
315,Sowers of Knowledge,sokkennesaw@gmail.com
316,Spanish Club,ksuspanish@gmail.com
317,Sport Management Majors Club,kennesawstatesmmc@gmail.com,678-749-2739
318,Sports and Recreation,sports_recreation@kennesaw.edu,470-578-6913
319,Steel Bridge Competition Team,ksusteelbridgeteam@gmail.com
320,Stories for Sustainability,sdgliteracy@gmail.com
321,Student Affairs Marietta,(470) 578-7566
322,Student Affiliates of American Chemical Society,ogodwin1@students.kennesaw.edu
323,Student Anthropology Club,studentanthropologyclub@gmail.com
324,Student Board for Charity Activities,sbcacontact@gmail.com
325,Student Disability Services,sds@kennesaw.edu,(470) 578-2666,(470) 578-9164
326,Student Government Association,jsukumar@students.kennesaw.edu
327,Student Life,stulife@kennesaw.edu,(470) 578-6275,(470) 578-9165
328,Student National Medical Association-Minority Association of Pre-Health Students,kennesawstatemaps@gmail.com
329,Student Nurses Association,ksusnapres@gmail.com,(770) 861-2026
330,Student Organization Advisors
331,Student Organization of Sociology,sfowle32@students.kennesaw.edu,(470) 578-6710
332,Student Philanthropy Council,studentphilanthropy@kennesaw.edu
333,Student Union of Universal Peace and Rights,mweese2@kennesaw.edu
334,Students Supporting  Israel
335,Surveying and Mapping Society of Georgia Student Chapter at KSU,athorn24@students.kennesaw.edu
336,Swing Dance Association,sbravo3@students.kennesaw.edu
337,Tau Beta Sigma,ksutbsigma@gmail.com
338,Tau Kappa Epsilon,xichipresident@gmail.com,(678) 209-1290
339,Team Take No L's,teamtakenolsksu@gmail.com
340,The Beachhead Society,thebeachheadsocietyksu@gmail.com,770-652-6099
341,the BRIDGE,thebridge@gc-cogic.com,(770) 590-8510
342,The College Diabetes Network at Kennesaw State University,ksu@collegediabetesnetwork.org
343,The Collegiate 100,bryan.rogers@100northmetro.org
344,The Living Room,kaitlynn.parrish@northpointministries.net,(678) 215-1543
345,The Navigators of Kennesaw State University,apatte61@students.kennesaw.edu,478-973-6527
346,The Peak,eic@ksulifestyle.com,(470) 578-6470,(470) 578-9165
347,The Sentinel,eic@ksusentinel.com,(470) 578-6470,(470) 578-9165
348,Theta Chi Fraternity - Theta Epsilon,ksuoxpres@gmail.com,678-372-4100
349,THRiVE,thrive@kennesaw.edu
350,Thrive Connect,thriveconnect2k18@gmail.com
351,TRENDS Global,vfranke@kennesaw.edu
352,Trumpet Ensemble at KSU
353,Trust KSU,trustksu@gmail.com
354,Undergraduate Research Club,URCKennesaw@gmail.com
355,Underground,staff@5979.net,770-912-8149
356,United Nations Children's Fund at KSU,unicef.kennesaw@gmail.com
357,University College,uc@kennesaw.edu,4705783550  x3550,4705789209
358,Upsilon Pi Epsilon
359,Vex Robotics Competition Team,vexowls@gmail.com,(678) 633-4661
360,Video Game Music Club
361,Vietnamese Student Association at KSU,ksuvsa@gmail.com
362,Volunteerism and Service Learning,volunteerksu@kennesaw.edu,(470) 578-6700
363,Volunteers Around the World Dental Outreach,kennesaw.dental@volunteersaroundtheworld.org
364,Wake,rj@encounterchurchatlanta.org,(470) 222-9648
365,Week of Welcome
366,Wesley Foundation,ksuwesley@gmail.com,678-778-1039
367,Wilson Student Center Operations
368,Wish-Makers On Campus Kennesaw,wishmakerskennesaw@gmail.com
369,WIT- Campus at KSU,hrego@students.kennesaw.edu,(912) 980-0686
370,Women In Technology,witatksu@gmail.com
371,Women's Resource Center,swils138@kennesaw.edu,(470) 578-7858
372,Xtreem Modeling Team,xmtpresident@gmail.com,(470) 578-6280
373,Young Americans for Freedom,zbohann1@students.kennesaw.edu,(770) 876-9810
374,Young Americans for Liberty,(678) 894-5643
375,Young Democrats at Kennesaw State University,youngdemocratsofkennesaw@gmail.com
376,Zero In Five,ksuzeroinfive@gmail.com
377,"Zeta Phi Beta Sorority, Inc. - Theta Rho",thetarho1920@gmail.com
378,Zeta Tau Alpha Sorority,ztaksupresident@gmail.com,478-957-7632
379,Zuckerman Museum of Art,zma@kennesaw.edu,4705783223
